epoch;loss;val_loss
0;0.1919555962085724;0.2308306246995926
1;0.08810392767190933;0.0956844687461853
2;0.07586760073900223;0.12981852889060974
3;0.06873346865177155;0.06266307085752487
4;0.06324618309736252;0.07172153145074844
5;0.061588432639837265;0.07060374319553375
6;0.05951841548085213;0.05782148987054825
7;0.0572078675031662;0.05424414202570915
8;0.054937686771154404;0.05894659459590912
9;0.05396046116948128;0.051884669810533524
