epoch;loss;val_loss
0;0.08630236238241196;0.13551262021064758
1;0.07988080382347107;0.11040981858968735
