epoch;loss;val_loss
0;0.2298864871263504;0.2585914731025696
1;0.09670114517211914;0.15218636393547058
